{
  "loss": 0.0019126415718346834,
  "val_loss": 0.00236183381639421,
  "epoch": 44,
  "global_step": 1575
}