{
  "loss": 0.0016939560882747173,
  "val_loss": 0.0016813242109492421,
  "epoch": 45,
  "global_step": 1564
}