{
  "loss": 0.006828906014561653,
  "val_loss": 0.005066469311714172,
  "epoch": 31,
  "global_step": 1088
}