{
  "loss": 0.006557326763868332,
  "val_loss": 0.0061638751067221165,
  "epoch": 30,
  "global_step": 1085
}