{
  "loss": 0.0019605683628469706,
  "val_loss": 0.0018545954953879118,
  "epoch": 42,
  "global_step": 1505
}