{
  "loss": 0.001540664117783308,
  "val_loss": 0.0012113091070204973,
  "epoch": 37,
  "global_step": 1292
}