{
  "loss": 0.008451612666249275,
  "val_loss": 0.004770423285663128,
  "epoch": 48,
  "global_step": 1715
}