{
  "loss": 0.002427668310701847,
  "val_loss": 0.002306699985638261,
  "epoch": 47,
  "global_step": 1008
}