{
  "loss": 0.0463002510368824,
  "val_loss": 0.12284661829471588,
  "epoch": 44,
  "global_step": 1575
}