{
  "loss": 0.003183184191584587,
  "val_loss": 0.003547176020219922,
  "epoch": 48,
  "global_step": 1715
}