{
  "loss": 0.0027635402511805296,
  "val_loss": 0.0032522976398468018,
  "epoch": 46,
  "global_step": 1645
}