{
  "loss": 0.001319546834565699,
  "val_loss": 0.0010591887403279543,
  "epoch": 42,
  "global_step": 4343
}