{
  "loss": 0.16459332406520844,
  "val_loss": 0.9339308142662048,
  "epoch": 25,
  "global_step": 884
}