{
  "loss": 0.0033747984562069178,
  "val_loss": 0.0030804460402578115,
  "epoch": 36,
  "global_step": 1258
}