{
  "loss": 0.0012194663286209106,
  "val_loss": 0.001351121929474175,
  "epoch": 49,
  "global_step": 1700
}