{
  "loss": 0.0009591098059900105,
  "val_loss": 0.0012059486471116543,
  "epoch": 48,
  "global_step": 2450
}