{
  "loss": 0.001727058319374919,
  "val_loss": 0.0015697841299697757,
  "epoch": 27,
  "global_step": 952
}