{
  "loss": 0.0017359554767608643,
  "val_loss": 0.002740114461630583,
  "epoch": 37,
  "global_step": 1330
}