{
  "loss": 0.002399501157924533,
  "val_loss": 0.003108181292191148,
  "epoch": 47,
  "global_step": 1680
}