{
  "loss": 0.0016414233250543475,
  "val_loss": 0.0016954803140833974,
  "epoch": 43,
  "global_step": 1540
}