{
  "loss": 0.001015522051602602,
  "val_loss": 0.0012894993415102363,
  "epoch": 42,
  "global_step": 4472
}