{
  "loss": 0.002344690728932619,
  "val_loss": 0.0026508928276598454,
  "epoch": 42,
  "global_step": 1462
}