{
  "loss": 0.004119450692087412,
  "val_loss": 0.004340818617492914,
  "epoch": 49,
  "global_step": 1750
}