{
  "loss": 0.002020062180235982,
  "val_loss": 0.0016910696867853403,
  "epoch": 44,
  "global_step": 945
}