{
  "loss": 0.0013495453167706728,
  "val_loss": 0.0014313970459625125,
  "epoch": 48,
  "global_step": 1666
}