{
  "loss": 0.0019905222579836845,
  "val_loss": 0.0016163516556844115,
  "epoch": 46,
  "global_step": 1645
}