{
  "loss": 0.0009172286954708397,
  "val_loss": 0.0011751226847991347,
  "epoch": 49,
  "global_step": 1700
}