{
  "loss": 0.0006517731235362589,
  "val_loss": 0.0012195364106446505,
  "epoch": 24,
  "global_step": 850
}