{
  "loss": 0.0019549790304154158,
  "val_loss": 0.002658591605722904,
  "epoch": 45,
  "global_step": 1610
}