{
  "loss": 0.0024073803797364235,
  "val_loss": 0.0031686522997915745,
  "epoch": 45,
  "global_step": 1610
}