{
  "loss": 0.03328836336731911,
  "val_loss": 0.034412600100040436,
  "epoch": 49,
  "global_step": 1750
}