{
  "loss": 0.0013307530898600817,
  "val_loss": 0.0011917215306311846,
  "epoch": 48,
  "global_step": 2499
}