{
  "loss": 0.001589957857504487,
  "val_loss": 0.001525498228147626,
  "epoch": 42,
  "global_step": 1462
}