{
  "loss": 0.0012845549499616027,
  "val_loss": 0.001727598486468196,
  "epoch": 49,
  "global_step": 1700
}