{
  "loss": 0.0013279502745717764,
  "val_loss": 0.0014464586274698377,
  "epoch": 26,
  "global_step": 2781
}