{
  "loss": 0.0010895411251112819,
  "val_loss": 0.0010747493943199515,
  "epoch": 46,
  "global_step": 1598
}