{
  "loss": 0.0013637386728078127,
  "val_loss": 0.001171456533484161,
  "epoch": 49,
  "global_step": 5100
}