{
  "loss": 0.0015427100006490946,
  "val_loss": 0.001684363465756178,
  "epoch": 39,
  "global_step": 800
}