{
  "loss": 0.002382790669798851,
  "val_loss": 0.002353913150727749,
  "epoch": 49,
  "global_step": 1700
}