{
  "loss": 0.0017069452442228794,
  "val_loss": 0.001787754474207759,
  "epoch": 39,
  "global_step": 4200
}