{
  "loss": 0.11333537846803665,
  "val_loss": 0.08460700511932373,
  "epoch": 2,
  "global_step": 102
}