{
  "loss": 0.001500652520917356,
  "val_loss": 0.002098232740536332,
  "epoch": 48,
  "global_step": 1715
}