{
  "loss": 0.0012484891340136528,
  "val_loss": 0.0013821026077494025,
  "epoch": 47,
  "global_step": 1632
}