{
  "loss": 0.0010510352440178394,
  "val_loss": 0.0019063599174842238,
  "epoch": 43,
  "global_step": 924
}