{
  "loss": 0.014728033915162086,
  "val_loss": 0.015549618750810623,
  "epoch": 49,
  "global_step": 1700
}