{
  "loss": 0.0018914762185886502,
  "val_loss": 0.0018835172522813082,
  "epoch": 49,
  "global_step": 1750
}