{
  "loss": 0.0016791434027254581,
  "val_loss": 0.0014981102431192994,
  "epoch": 47,
  "global_step": 1632
}