{
  "loss": 0.0010904221562668681,
  "val_loss": 0.0014477299991995096,
  "epoch": 48,
  "global_step": 1715
}