{
  "loss": 0.0022394636180251837,
  "val_loss": 0.0013498450862243772,
  "epoch": 49,
  "global_step": 1700
}