{
  "loss": 0.16588866710662842,
  "val_loss": 0.9420690536499023,
  "epoch": 25,
  "global_step": 884
}