{
  "loss": 0.00229488592594862,
  "val_loss": 0.0022869689855724573,
  "epoch": 46,
  "global_step": 1645
}