{
  "loss": 0.0014846440171822906,
  "val_loss": 0.0013193595223128796,
  "epoch": 42,
  "global_step": 4472
}