{
  "loss": 0.0806502178311348,
  "val_loss": 0.17809082567691803,
  "epoch": 48,
  "global_step": 1666
}