{
  "loss": 0.003097905544564128,
  "val_loss": 0.003851394634693861,
  "epoch": 45,
  "global_step": 1610
}