{
  "loss": 0.0013886282686144114,
  "val_loss": 0.0021940667647868395,
  "epoch": 47,
  "global_step": 1008
}