{
  "loss": 0.004184529185295105,
  "val_loss": 0.004154627677053213,
  "epoch": 41,
  "global_step": 1470
}