{
  "loss": 0.0011331697460263968,
  "val_loss": 0.001775203156284988,
  "epoch": 43,
  "global_step": 1540
}