{
  "loss": 0.001110750250518322,
  "val_loss": 0.0011949194595217705,
  "epoch": 43,
  "global_step": 2244
}