{
  "loss": 0.0020423904061317444,
  "val_loss": 0.0015363574493676424,
  "epoch": 45,
  "global_step": 1564
}