{
  "loss": 0.0021263398230075836,
  "val_loss": 0.003956731874495745,
  "epoch": 28,
  "global_step": 1015
}