{
  "loss": 0.0016395525308325887,
  "val_loss": 0.002162703312933445,
  "epoch": 48,
  "global_step": 1029
}