{
  "loss": 0.0017801435897126794,
  "val_loss": 0.0012311271857470274,
  "epoch": 47,
  "global_step": 1632
}