{
  "loss": 0.0013681147247552872,
  "val_loss": 0.0015073143877089024,
  "epoch": 40,
  "global_step": 4305
}