{
  "loss": 0.0034156623296439648,
  "val_loss": 0.003581763943657279,
  "epoch": 41,
  "global_step": 1470
}