{
  "loss": 0.0009222013759426773,
  "val_loss": 0.0011452033650130033,
  "epoch": 49,
  "global_step": 2550
}