{
  "loss": 0.0030044827144593,
  "val_loss": 0.0034427137579768896,
  "epoch": 36,
  "global_step": 1295
}