{
  "loss": 0.16617359220981598,
  "val_loss": 0.9569543600082397,
  "epoch": 0,
  "global_step": 35
}