{
  "loss": 0.001522910431958735,
  "val_loss": 0.001430872711353004,
  "epoch": 42,
  "global_step": 1462
}