{
  "loss": 0.0017787273973226547,
  "val_loss": 0.0021617135498672724,
  "epoch": 49,
  "global_step": 1050
}