{
  "loss": 0.002434805268421769,
  "val_loss": 0.0017648388165980577,
  "epoch": 45,
  "global_step": 966
}