{
  "loss": 0.0032982754055410624,
  "val_loss": 0.0030605571810156107,
  "epoch": 44,
  "global_step": 1530
}