{
  "loss": 0.0021894376259297132,
  "val_loss": 0.0018759105587378144,
  "epoch": 39,
  "global_step": 1360
}