{
  "loss": 0.0018707782728597522,
  "val_loss": 0.0017507770098745823,
  "epoch": 46,
  "global_step": 1645
}