{
  "loss": 0.0017321630148217082,
  "val_loss": 0.0014035629574209452,
  "epoch": 39,
  "global_step": 1360
}