{
  "loss": 0.006708982400596142,
  "val_loss": 0.0051750969141721725,
  "epoch": 40,
  "global_step": 1435
}