{
  "loss": 0.0089650247246027,
  "val_loss": 0.004146018996834755,
  "epoch": 42,
  "global_step": 1462
}