{
  "loss": 0.001972264377400279,
  "val_loss": 0.002077285433188081,
  "epoch": 43,
  "global_step": 1540
}