{
  "loss": 0.002209980506449938,
  "val_loss": 0.0019714455120265484,
  "epoch": 48,
  "global_step": 1029
}