{
  "loss": 0.0019386358326300979,
  "val_loss": 0.001493294956162572,
  "epoch": 33,
  "global_step": 1190
}