{
  "loss": 0.0028360183350741863,
  "val_loss": 0.003403737675398588,
  "epoch": 49,
  "global_step": 1750
}