{
  "loss": 0.0021275095641613007,
  "val_loss": 0.0019816700369119644,
  "epoch": 39,
  "global_step": 1360
}