{
  "loss": 0.0027125426568090916,
  "val_loss": 0.0030536456033587456,
  "epoch": 40,
  "global_step": 1394
}