{
  "loss": 0.001521384809166193,
  "val_loss": 0.0011754981242120266,
  "epoch": 43,
  "global_step": 4532
}