{
  "loss": 0.0015638141194358468,
  "val_loss": 0.0019241279223933816,
  "epoch": 43,
  "global_step": 1496
}