{
  "loss": 0.0013786836061626673,
  "val_loss": 0.0014075108338147402,
  "epoch": 45,
  "global_step": 1564
}