{
  "loss": 0.17678770422935486,
  "val_loss": 0.9668729901313782,
  "epoch": 49,
  "global_step": 1700
}