{
  "loss": 0.0015167755773290992,
  "val_loss": 0.0011559820268303156,
  "epoch": 48,
  "global_step": 2499
}