{
  "loss": 0.0034404362086206675,
  "val_loss": 0.0029077637009322643,
  "epoch": 38,
  "global_step": 1326
}