{
  "loss": 0.0014260847819969058,
  "val_loss": 0.0017329843249171972,
  "epoch": 49,
  "global_step": 1050
}