{
  "loss": 0.0018641581991687417,
  "val_loss": 0.002594525460153818,
  "epoch": 43,
  "global_step": 1496
}