{
  "loss": 0.0009042720776051283,
  "val_loss": 0.0011953163193538785,
  "epoch": 46,
  "global_step": 4888
}