{
  "loss": 0.0005050043109804392,
  "val_loss": 0.0009181156638078392,
  "epoch": 43,
  "global_step": 1496
}