{
  "loss": 0.0014095725491642952,
  "val_loss": 0.0016237186500802636,
  "epoch": 41,
  "global_step": 882
}