{
  "loss": 0.0012695977929979563,
  "val_loss": 0.0010922595392912626,
  "epoch": 47,
  "global_step": 4800
}