{
  "loss": 0.002216498600319028,
  "val_loss": 0.0019173320615664124,
  "epoch": 48,
  "global_step": 1715
}