{
  "loss": 0.19689585268497467,
  "val_loss": 0.9874526858329773,
  "epoch": 49,
  "global_step": 1750
}