{
  "loss": 0.010494055226445198,
  "val_loss": 0.0007522560190409422,
  "epoch": 25,
  "global_step": 884
}