{
  "loss": 0.0014145897002890706,
  "val_loss": 0.0019174370681867003,
  "epoch": 43,
  "global_step": 880
}