{
  "loss": 0.0037930116523057222,
  "val_loss": 0.0030852733179926872,
  "epoch": 47,
  "global_step": 1680
}