{
  "loss": 0.16459330916404724,
  "val_loss": 0.9339308142662048,
  "epoch": 43,
  "global_step": 924
}