{
  "loss": 0.001858268165960908,
  "val_loss": 0.0017169419443234801,
  "epoch": 45,
  "global_step": 1564
}