{
  "loss": 0.0013431617990136147,
  "val_loss": 0.0019173284526914358,
  "epoch": 42,
  "global_step": 1462
}