{
  "loss": 0.0024597567971795797,
  "val_loss": 0.0018184593645855784,
  "epoch": 48,
  "global_step": 1715
}