{
  "loss": 0.001325450255535543,
  "val_loss": 0.0013809496304020286,
  "epoch": 41,
  "global_step": 4284
}