{
  "loss": 0.005330029875040054,
  "val_loss": 0.002722660079598427,
  "epoch": 43,
  "global_step": 1496
}