{
  "loss": 0.001677520340308547,
  "val_loss": 0.0023528761230409145,
  "epoch": 44,
  "global_step": 945
}