{
  "loss": 0.0018862769939005375,
  "val_loss": 0.0020627574995160103,
  "epoch": 44,
  "global_step": 1575
}