{
  "loss": 0.0015714275650680065,
  "val_loss": 0.001401995774358511,
  "epoch": 49,
  "global_step": 2500
}