{
  "loss": 0.001040303730405867,
  "val_loss": 0.0011917442316189408,
  "epoch": 49,
  "global_step": 1700
}