{
  "loss": 0.002582813147455454,
  "val_loss": 0.002293250523507595,
  "epoch": 48,
  "global_step": 1029
}