{
  "loss": 0.0017608881462365389,
  "val_loss": 0.0015350099420174956,
  "epoch": 49,
  "global_step": 1700
}