{
  "loss": 0.0011569272028282285,
  "val_loss": 0.0016860143514350057,
  "epoch": 44,
  "global_step": 1575
}