{
  "loss": 0.0026231124065816402,
  "val_loss": 0.002282647881656885,
  "epoch": 49,
  "global_step": 1050
}