{
  "loss": 0.0019381609745323658,
  "val_loss": 0.0019700084812939167,
  "epoch": 49,
  "global_step": 1750
}