{
  "loss": 0.0017809600103646517,
  "val_loss": 0.001441348111256957,
  "epoch": 35,
  "global_step": 1224
}