{
  "loss": 0.0019512613071128726,
  "val_loss": 0.0015588458627462387,
  "epoch": 47,
  "global_step": 1008
}