{
  "loss": 0.003075965913012624,
  "val_loss": 0.0031701354309916496,
  "epoch": 48,
  "global_step": 1715
}