{
  "loss": 0.0032004285603761673,
  "val_loss": 0.002377428812906146,
  "epoch": 32,
  "global_step": 693
}