{
  "loss": 0.0008248508675023913,
  "val_loss": 0.0017917724326252937,
  "epoch": 26,
  "global_step": 918
}