{
  "loss": 0.04770240932703018,
  "val_loss": 0.11170848459005356,
  "epoch": 48,
  "global_step": 1715
}