{
  "loss": 0.0017188547644764185,
  "val_loss": 0.0013167387805879116,
  "epoch": 46,
  "global_step": 1598
}