{
  "loss": 0.0010141241364181042,
  "val_loss": 0.0012891283258795738,
  "epoch": 45,
  "global_step": 4646
}