{
  "loss": 0.0007187515147961676,
  "val_loss": 0.0006898102583363652,
  "epoch": 42,
  "global_step": 1505
}