{
  "loss": 0.0018831498455256224,
  "val_loss": 0.0013400757452473044,
  "epoch": 48,
  "global_step": 1666
}