{
  "loss": 0.001098180771805346,
  "val_loss": 0.0013661993434652686,
  "epoch": 45,
  "global_step": 966
}