{
  "loss": 0.001665413728915155,
  "val_loss": 0.0015789010794833302,
  "epoch": 43,
  "global_step": 1496
}