{
  "loss": 0.0013178909430280328,
  "val_loss": 0.0014095265651121736,
  "epoch": 48,
  "global_step": 1029
}