{
  "loss": 0.0016511378344148397,
  "val_loss": 0.001675672479905188,
  "epoch": 35,
  "global_step": 3780
}