{
  "loss": 0.000987485283985734,
  "val_loss": 0.0012336618965491652,
  "epoch": 46,
  "global_step": 2350
}