{
  "loss": 0.002436179667711258,
  "val_loss": 0.002567011397331953,
  "epoch": 40,
  "global_step": 1394
}