{
  "loss": 0.0010508886771276593,
  "val_loss": 0.0012499169679358602,
  "epoch": 46,
  "global_step": 4888
}