{
  "loss": 0.002129104919731617,
  "val_loss": 0.001572857378050685,
  "epoch": 46,
  "global_step": 1645
}