{
  "loss": 0.002067361492663622,
  "val_loss": 0.002722630277276039,
  "epoch": 47,
  "global_step": 1632
}