{
  "loss": 0.007423210423439741,
  "val_loss": 0.0047288271598517895,
  "epoch": 44,
  "global_step": 1575
}