{
  "loss": 0.17669032514095306,
  "val_loss": 0.9667758941650391,
  "epoch": 49,
  "global_step": 1700
}