{
  "loss": 0.0031085528898984194,
  "val_loss": 0.0020942511036992073,
  "epoch": 37,
  "global_step": 798
}