{
  "loss": 0.001370209502056241,
  "val_loss": 0.0017120204865932465,
  "epoch": 46,
  "global_step": 1598
}