{
  "loss": 0.002238324610516429,
  "val_loss": 0.0013721040450036526,
  "epoch": 30,
  "global_step": 1054
}