{
  "loss": 0.0010216064983978868,
  "val_loss": 0.001525677158497274,
  "epoch": 48,
  "global_step": 2499
}