{
  "loss": 0.0018081716261804104,
  "val_loss": 0.0015921149170026183,
  "epoch": 46,
  "global_step": 1645
}