{
  "loss": 0.0034956701565533876,
  "val_loss": 0.0024521315935999155,
  "epoch": 49,
  "global_step": 1700
}