{
  "loss": 0.0009288530563935637,
  "val_loss": 0.001132167992182076,
  "epoch": 43,
  "global_step": 4532
}