{
  "loss": 0.0032808957621455193,
  "val_loss": 0.002277527702972293,
  "epoch": 45,
  "global_step": 966
}