{
  "loss": 0.03339388221502304,
  "val_loss": 0.04199566692113876,
  "epoch": 49,
  "global_step": 1750
}