{
  "loss": 0.00412400159984827,
  "val_loss": 0.004415456205606461,
  "epoch": 49,
  "global_step": 1700
}