{
  "loss": 0.0012040227884426713,
  "val_loss": 0.0013039677869528532,
  "epoch": 33,
  "global_step": 1156
}