{
  "loss": 0.0019819876179099083,
  "val_loss": 0.0017461801180616021,
  "epoch": 43,
  "global_step": 1496
}