{
  "loss": 0.0013810136588290334,
  "val_loss": 0.0011155414395034313,
  "epoch": 46,
  "global_step": 2397
}