{
  "loss": 0.0015056064585223794,
  "val_loss": 0.0019846418872475624,
  "epoch": 47,
  "global_step": 1680
}