{
  "loss": 0.0012654823949560523,
  "val_loss": 0.0018012635409832,
  "epoch": 32,
  "global_step": 3465
}