{
  "loss": 0.0014360216446220875,
  "val_loss": 0.0017673592083156109,
  "epoch": 48,
  "global_step": 1666
}