{
  "loss": 0.0020526722073554993,
  "val_loss": 0.002779965987429023,
  "epoch": 48,
  "global_step": 1715
}