{
  "loss": 0.0013577747158706188,
  "val_loss": 0.0012278821086511016,
  "epoch": 49,
  "global_step": 5000
}