{
  "loss": 0.0012359871761873364,
  "val_loss": 0.0013233699137344956,
  "epoch": 48,
  "global_step": 2450
}