{
  "loss": 0.0010184162529185414,
  "val_loss": 0.001073352643288672,
  "epoch": 45,
  "global_step": 4646
}