{
  "loss": 0.0012752637267112732,
  "val_loss": 0.0013987536076456308,
  "epoch": 45,
  "global_step": 4784
}