{
  "loss": 0.005067727062851191,
  "val_loss": 0.005017015617340803,
  "epoch": 33,
  "global_step": 1190
}