{
  "loss": 0.00284646637737751,
  "val_loss": 0.002191263483837247,
  "epoch": 48,
  "global_step": 1715
}