{
  "loss": 0.001218929304741323,
  "val_loss": 0.0017709190724417567,
  "epoch": 43,
  "global_step": 1540
}