{
  "loss": 0.004528967663645744,
  "val_loss": 0.0018538376316428185,
  "epoch": 44,
  "global_step": 1575
}