{
  "loss": 0.1116502434015274,
  "val_loss": 0.25963762402534485,
  "epoch": 27,
  "global_step": 980
}