{
  "loss": 0.00103208445943892,
  "val_loss": 0.0012335901847109199,
  "epoch": 49,
  "global_step": 1700
}