{
  "loss": 0.0034188171848654747,
  "val_loss": 0.0039740148931741714,
  "epoch": 43,
  "global_step": 1540
}