{
  "loss": 0.0009732202161103487,
  "val_loss": 0.0013004177017137408,
  "epoch": 49,
  "global_step": 5250
}