{
  "loss": 0.0016121783992275596,
  "val_loss": 0.0015429331688210368,
  "epoch": 44,
  "global_step": 4725
}