{
  "loss": 0.0017370135756209493,
  "val_loss": 0.0019664259161800146,
  "epoch": 44,
  "global_step": 945
}