{
  "loss": 0.0012238887138664722,
  "val_loss": 0.0016332837985828519,
  "epoch": 43,
  "global_step": 1496
}