{
  "loss": 0.0020563395228236914,
  "val_loss": 0.0027074534446001053,
  "epoch": 40,
  "global_step": 1394
}