{
  "loss": 0.00030211187549866736,
  "val_loss": 0.0007164782728068531,
  "epoch": 92,
  "global_step": 9486
}