{
  "loss": 0.005523796658962965,
  "val_loss": 0.003707392606884241,
  "epoch": 25,
  "global_step": 884
}