{
  "loss": 0.0012954846024513245,
  "val_loss": 0.00124037463683635,
  "epoch": 46,
  "global_step": 2397
}