{
  "loss": 0.0017415512120351195,
  "val_loss": 0.0019787903875112534,
  "epoch": 46,
  "global_step": 1645
}