{
  "loss": 0.001691858982667327,
  "val_loss": 0.0012708520516753197,
  "epoch": 41,
  "global_step": 1428
}