{
  "loss": 0.004346715752035379,
  "val_loss": 0.003305179998278618,
  "epoch": 33,
  "global_step": 1190
}