{
  "loss": 0.004005689639598131,
  "val_loss": 0.00402124784886837,
  "epoch": 42,
  "global_step": 1505
}