{
  "loss": 0.16721831262111664,
  "val_loss": 0.9573698043823242,
  "epoch": 8,
  "global_step": 306
}