{
  "loss": 0.0018567567458376288,
  "val_loss": 0.0013778283027932048,
  "epoch": 40,
  "global_step": 1394
}