{
  "loss": 0.0011173160746693611,
  "val_loss": 0.0016208493616431952,
  "epoch": 49,
  "global_step": 5200
}