{
  "loss": 0.0029808846302330494,
  "val_loss": 0.00311298412270844,
  "epoch": 44,
  "global_step": 1575
}