{
  "loss": 0.06399068981409073,
  "val_loss": 0.15004603564739227,
  "epoch": 44,
  "global_step": 1530
}