{
  "loss": 0.0015674151945859194,
  "val_loss": 0.0013065304374322295,
  "epoch": 49,
  "global_step": 1700
}