{
  "loss": 0.0014726131921634078,
  "val_loss": 0.0014699825551360846,
  "epoch": 46,
  "global_step": 1598
}