{
  "loss": 0.0015315897762775421,
  "val_loss": 0.0013306387700140476,
  "epoch": 48,
  "global_step": 980
}