{
  "loss": 0.0012297295033931732,
  "val_loss": 0.0017490637255832553,
  "epoch": 48,
  "global_step": 1666
}