{
  "loss": 0.0010331395315006375,
  "val_loss": 0.0011902443366125226,
  "epoch": 45,
  "global_step": 4692
}