{
  "loss": 0.002354018623009324,
  "val_loss": 0.0022529838606715202,
  "epoch": 49,
  "global_step": 1750
}