{
  "loss": 0.0036387909203767776,
  "val_loss": 0.003752828808501363,
  "epoch": 47,
  "global_step": 1632
}