{
  "loss": 0.09259645640850067,
  "val_loss": 0.14025895297527313,
  "epoch": 1,
  "global_step": 70
}