{
  "loss": 0.001501875463873148,
  "val_loss": 0.00150936224963516,
  "epoch": 46,
  "global_step": 1598
}