{
  "loss": 0.0011491794139146805,
  "val_loss": 0.0010800238233059645,
  "epoch": 41,
  "global_step": 4200
}