{
  "loss": 0.0018488713540136814,
  "val_loss": 0.0019879471510648727,
  "epoch": 49,
  "global_step": 1750
}