{
  "loss": 0.0017886519199237227,
  "val_loss": 0.002972638700157404,
  "epoch": 44,
  "global_step": 945
}