{
  "loss": 0.0016089975833892822,
  "val_loss": 0.0018929113866761327,
  "epoch": 48,
  "global_step": 1666
}