{
  "loss": 0.0020175050012767315,
  "val_loss": 0.0017948969034478068,
  "epoch": 46,
  "global_step": 987
}