{
  "loss": 0.003765108762308955,
  "val_loss": 0.0028999752830713987,
  "epoch": 47,
  "global_step": 1680
}