{
  "loss": 0.00232028984464705,
  "val_loss": 0.0014949232572689652,
  "epoch": 40,
  "global_step": 1394
}