{
  "loss": 0.0016299189301207662,
  "val_loss": 0.0014494509669020772,
  "epoch": 24,
  "global_step": 2525
}