{
  "loss": 0.1672181487083435,
  "val_loss": 0.9573695659637451,
  "epoch": 0,
  "global_step": 34
}