{
  "loss": 0.0012732025934383273,
  "val_loss": 0.001536072581075132,
  "epoch": 48,
  "global_step": 4998
}