{
  "loss": 0.002139835385605693,
  "val_loss": 0.0017335697775706649,
  "epoch": 47,
  "global_step": 1680
}