{
  "loss": 0.0015988163650035858,
  "val_loss": 0.0017235305858775973,
  "epoch": 40,
  "global_step": 1435
}