{
  "loss": 0.0019977965857833624,
  "val_loss": 0.0013936248142272234,
  "epoch": 46,
  "global_step": 987
}