{
  "loss": 0.0011283594649285078,
  "val_loss": 0.0015918042045086622,
  "epoch": 46,
  "global_step": 1645
}