{
  "loss": 0.005841344129294157,
  "val_loss": 0.003946235869079828,
  "epoch": 49,
  "global_step": 1750
}