{
  "loss": 0.004686001222580671,
  "val_loss": 0.0008902355912141502,
  "epoch": 37,
  "global_step": 1292
}