{
  "loss": 0.001919443253427744,
  "val_loss": 0.001298961229622364,
  "epoch": 49,
  "global_step": 1700
}