{
  "loss": 0.0028744363225996494,
  "val_loss": 0.0016558729112148285,
  "epoch": 45,
  "global_step": 1610
}