{
  "loss": 0.002989815780892968,
  "val_loss": 0.0033004411961883307,
  "epoch": 49,
  "global_step": 1700
}