{
  "loss": 0.0013520373031497002,
  "val_loss": 0.002337759593501687,
  "epoch": 38,
  "global_step": 1326
}