{
  "loss": 0.0018745980923995376,
  "val_loss": 0.0015957311261445284,
  "epoch": 46,
  "global_step": 987
}