{
  "loss": 0.0023271318059414625,
  "val_loss": 0.002886225003749132,
  "epoch": 44,
  "global_step": 1575
}