{
  "loss": 0.0012642754008993506,
  "val_loss": 0.0016545101534575224,
  "epoch": 47,
  "global_step": 960
}