{
  "loss": 0.0019398934673517942,
  "val_loss": 0.0018457162659615278,
  "epoch": 16,
  "global_step": 578
}