{
  "loss": 0.0016309753991663456,
  "val_loss": 0.0013055475428700447,
  "epoch": 45,
  "global_step": 1564
}