{
  "loss": 0.0027466572355479,
  "val_loss": 0.0015975761925801635,
  "epoch": 25,
  "global_step": 884
}