{
  "loss": 0.001351882703602314,
  "val_loss": 0.001809200388379395,
  "epoch": 42,
  "global_step": 1505
}