{
  "loss": 0.07098034024238586,
  "val_loss": 0.18992780148983002,
  "epoch": 11,
  "global_step": 408
}