{
  "loss": 0.001849900814704597,
  "val_loss": 0.0018321784446015954,
  "epoch": 37,
  "global_step": 1330
}