{
  "loss": 0.00135328050237149,
  "val_loss": 0.0013106410624459386,
  "epoch": 47,
  "global_step": 4896
}