{
  "loss": 0.0015900168800726533,
  "val_loss": 0.0018193622818216681,
  "epoch": 44,
  "global_step": 1575
}