{
  "loss": 0.0033880360424518585,
  "val_loss": 0.0029728724621236324,
  "epoch": 49,
  "global_step": 1700
}