{
  "loss": 0.0016183530678972602,
  "val_loss": 0.0024927121121436357,
  "epoch": 49,
  "global_step": 1750
}