{
  "loss": 0.16617362201213837,
  "val_loss": 0.9569543600082397,
  "epoch": 9,
  "global_step": 350
}