{
  "loss": 0.0016506821848452091,
  "val_loss": 0.001236194628290832,
  "epoch": 45,
  "global_step": 2346
}