{
  "loss": 0.06895560771226883,
  "val_loss": 0.31452837586402893,
  "epoch": 48,
  "global_step": 1715
}