{
  "loss": 0.0016261570854112506,
  "val_loss": 0.001784390420652926,
  "epoch": 47,
  "global_step": 1632
}