{
  "loss": 0.005039808806031942,
  "val_loss": 0.005349514540284872,
  "epoch": 46,
  "global_step": 1645
}