{
  "loss": 0.021181564778089523,
  "val_loss": 0.007656442001461983,
  "epoch": 35,
  "global_step": 1260
}