{
  "loss": 0.0037269131280481815,
  "val_loss": 0.0027330361772328615,
  "epoch": 42,
  "global_step": 1462
}