{
  "loss": 0.001150376396253705,
  "val_loss": 0.001147814211435616,
  "epoch": 38,
  "global_step": 3900
}