{
  "loss": 0.0025526280514895916,
  "val_loss": 0.0037749421317130327,
  "epoch": 27,
  "global_step": 952
}