{
  "loss": 0.0011878872755914927,
  "val_loss": 0.001480956794694066,
  "epoch": 47,
  "global_step": 1632
}