{
  "loss": 0.001020618132315576,
  "val_loss": 0.0014484717976301908,
  "epoch": 45,
  "global_step": 1564
}