{
  "loss": 0.0009716041386127472,
  "val_loss": 0.0015847617760300636,
  "epoch": 45,
  "global_step": 1564
}