{
  "loss": 0.0009366458980366588,
  "val_loss": 0.0010601620888337493,
  "epoch": 42,
  "global_step": 4300
}