{
  "loss": 0.001961037516593933,
  "val_loss": 0.0013663071440532804,
  "epoch": 43,
  "global_step": 1496
}