{
  "loss": 0.0016794793773442507,
  "val_loss": 0.0016376817366108298,
  "epoch": 42,
  "global_step": 4429
}