{
  "loss": 0.001866754493676126,
  "val_loss": 0.0014242370380088687,
  "epoch": 37,
  "global_step": 1938
}