{
  "loss": 0.006928008049726486,
  "val_loss": 0.0008085025474429131,
  "epoch": 49,
  "global_step": 1750
}