{
  "loss": 0.0016711581265553832,
  "val_loss": 0.0018181619234383106,
  "epoch": 48,
  "global_step": 1715
}