{
  "loss": 0.04082842543721199,
  "val_loss": 0.17653429508209229,
  "epoch": 43,
  "global_step": 1540
}