{
  "loss": 0.0018299940275028348,
  "val_loss": 0.0016761210281401873,
  "epoch": 47,
  "global_step": 1632
}