{
  "loss": 0.0018460748251527548,
  "val_loss": 0.0021963564213365316,
  "epoch": 49,
  "global_step": 1750
}