{
  "loss": 0.0015764969866722822,
  "val_loss": 0.0022131099831312895,
  "epoch": 43,
  "global_step": 924
}