{
  "loss": 0.0014072693884372711,
  "val_loss": 0.0016482877545058727,
  "epoch": 42,
  "global_step": 1462
}