{
  "loss": 0.0014249542728066444,
  "val_loss": 0.0016493917210027575,
  "epoch": 44,
  "global_step": 1575
}