{
  "loss": 0.0009313894552178681,
  "val_loss": 0.0010870989644899964,
  "epoch": 45,
  "global_step": 4646
}