{
  "loss": 0.0012234140885993838,
  "val_loss": 0.0011370684951543808,
  "epoch": 47,
  "global_step": 2400
}