{
  "loss": 0.0009552861447446048,
  "val_loss": 0.0013014574069529772,
  "epoch": 43,
  "global_step": 4488
}