{
  "loss": 0.0007571270107291639,
  "val_loss": 0.0015144760254770517,
  "epoch": 49,
  "global_step": 1750
}