{
  "loss": 0.0012928659562021494,
  "val_loss": 0.001103884307667613,
  "epoch": 48,
  "global_step": 4900
}