{
  "loss": 0.002735699526965618,
  "val_loss": 0.0034396464470773935,
  "epoch": 39,
  "global_step": 1360
}