{
  "loss": 0.03103247657418251,
  "val_loss": 0.037922944873571396,
  "epoch": 49,
  "global_step": 1750
}