{
  "loss": 0.0019201484974473715,
  "val_loss": 0.0019805808551609516,
  "epoch": 49,
  "global_step": 1750
}