{
  "loss": 0.02700863406062126,
  "val_loss": 0.03976805508136749,
  "epoch": 40,
  "global_step": 1394
}