{
  "loss": 0.0011252263793721795,
  "val_loss": 0.0015538486186414957,
  "epoch": 49,
  "global_step": 1750
}