{
  "loss": 0.0012566890800371766,
  "val_loss": 0.0015183064388111234,
  "epoch": 48,
  "global_step": 1715
}