{
  "loss": 0.0014090066542848945,
  "val_loss": 0.0013177160872146487,
  "epoch": 45,
  "global_step": 4784
}