{
  "loss": 0.0013991993619129062,
  "val_loss": 0.0012703881366178393,
  "epoch": 48,
  "global_step": 2450
}