{
  "loss": 0.0016301918076351285,
  "val_loss": 0.0013835866702720523,
  "epoch": 48,
  "global_step": 1029
}