{
  "loss": 0.001705944538116455,
  "val_loss": 0.00201073894277215,
  "epoch": 48,
  "global_step": 1715
}