{
  "loss": 0.004180855583399534,
  "val_loss": 0.003384963609278202,
  "epoch": 49,
  "global_step": 1700
}