{
  "loss": 0.0003293966583441943,
  "val_loss": 0.0005976554821245372,
  "epoch": 98,
  "global_step": 9900
}