{
  "loss": 0.0011536333477124572,
  "val_loss": 0.0020521620754152536,
  "epoch": 47,
  "global_step": 1632
}