{
  "loss": 0.003332528518512845,
  "val_loss": 0.0030900242272764444,
  "epoch": 39,
  "global_step": 1360
}