{
  "loss": 0.001773551688529551,
  "val_loss": 0.0016461634077131748,
  "epoch": 46,
  "global_step": 1598
}