{
  "loss": 0.0749443769454956,
  "val_loss": 0.1646927446126938,
  "epoch": 41,
  "global_step": 1470
}