{
  "loss": 0.0016984821995720267,
  "val_loss": 0.001717780833132565,
  "epoch": 46,
  "global_step": 1598
}