{
  "loss": 0.19684848189353943,
  "val_loss": 0.9874079823493958,
  "epoch": 49,
  "global_step": 1750
}