{
  "loss": 0.16459332406520844,
  "val_loss": 0.9339308738708496,
  "epoch": 0,
  "global_step": 102
}