{
  "loss": 0.0015540097374469042,
  "val_loss": 0.0012472335947677493,
  "epoch": 35,
  "global_step": 3708
}