{
  "loss": 0.001839444856159389,
  "val_loss": 0.0030634277500212193,
  "epoch": 41,
  "global_step": 1470
}