{
  "loss": 0.08201766759157181,
  "val_loss": 0.13296349346637726,
  "epoch": 34,
  "global_step": 1225
}