{
  "loss": 0.0014744340442121029,
  "val_loss": 0.0017313030548393726,
  "epoch": 46,
  "global_step": 1645
}