{
  "loss": 0.0010250103659927845,
  "val_loss": 0.0012000884162262082,
  "epoch": 45,
  "global_step": 2300
}