{
  "loss": 0.00128361233510077,
  "val_loss": 0.0014996638055890799,
  "epoch": 45,
  "global_step": 920
}