{
  "loss": 0.0012287897989153862,
  "val_loss": 0.0016037947498261929,
  "epoch": 45,
  "global_step": 1610
}