{
  "loss": 0.004292511846870184,
  "val_loss": 0.0030573164112865925,
  "epoch": 48,
  "global_step": 1715
}