{
  "loss": 0.0017763827927410603,
  "val_loss": 0.0012683517998084426,
  "epoch": 40,
  "global_step": 1394
}