{
  "loss": 0.0014377065235748887,
  "val_loss": 0.0018400945700705051,
  "epoch": 49,
  "global_step": 1700
}