{
  "loss": 0.001204584608785808,
  "val_loss": 0.0012659868225455284,
  "epoch": 42,
  "global_step": 1462
}