{
  "loss": 0.0034028959926217794,
  "val_loss": 0.004136283881962299,
  "epoch": 31,
  "global_step": 672
}