{
  "loss": 0.0013267372269183397,
  "val_loss": 0.0013335932744666934,
  "epoch": 49,
  "global_step": 5000
}