{
  "loss": 0.1672181785106659,
  "val_loss": 0.9573698043823242,
  "epoch": 0,
  "global_step": 34
}