{
  "loss": 0.0013862033374607563,
  "val_loss": 0.0015918751014396548,
  "epoch": 39,
  "global_step": 4120
}