{
  "loss": 0.0010445413645356894,
  "val_loss": 0.0012554950080811977,
  "epoch": 48,
  "global_step": 5145
}