{
  "loss": 0.0013767705531790853,
  "val_loss": 0.001344943535514176,
  "epoch": 48,
  "global_step": 1715
}