{
  "loss": 0.005249032285064459,
  "val_loss": 0.004602445289492607,
  "epoch": 46,
  "global_step": 1598
}