{
  "loss": 0.0026764858048409224,
  "val_loss": 0.0028599025681614876,
  "epoch": 43,
  "global_step": 1496
}