{
  "loss": 0.0009216160979121923,
  "val_loss": 0.0012357253581285477,
  "epoch": 49,
  "global_step": 2500
}