{
  "loss": 0.0013969647698104382,
  "val_loss": 0.0018279653741046786,
  "epoch": 49,
  "global_step": 1700
}