{
  "loss": 0.0036868697497993708,
  "val_loss": 0.00135488819796592,
  "epoch": 43,
  "global_step": 924
}