{
  "loss": 0.0012811585329473019,
  "val_loss": 0.001733151264488697,
  "epoch": 49,
  "global_step": 1700
}