{
  "loss": 0.0021912057418376207,
  "val_loss": 0.0029479924123734236,
  "epoch": 41,
  "global_step": 1428
}