{
  "loss": 0.001457428210414946,
  "val_loss": 0.0016558818751946092,
  "epoch": 40,
  "global_step": 1394
}