{
  "loss": 0.0015760818496346474,
  "val_loss": 0.0017415728652849793,
  "epoch": 45,
  "global_step": 1564
}