{
  "loss": 0.002523190574720502,
  "val_loss": 0.002456198213621974,
  "epoch": 30,
  "global_step": 1054
}