{
  "loss": 0.0012183026410639286,
  "val_loss": 0.0014856676571071148,
  "epoch": 48,
  "global_step": 1666
}