{
  "loss": 0.06651660054922104,
  "val_loss": 0.3487059473991394,
  "epoch": 49,
  "global_step": 1700
}