{
  "loss": 0.0013015040894970298,
  "val_loss": 0.0012318643275648355,
  "epoch": 43,
  "global_step": 1496
}