{
  "loss": 0.002940771169960499,
  "val_loss": 0.0029050628654658794,
  "epoch": 43,
  "global_step": 1540
}