{
  "loss": 0.0010796836577355862,
  "val_loss": 0.0011620171135291457,
  "epoch": 49,
  "global_step": 5100
}