{
  "loss": 0.0014296261360868812,
  "val_loss": 0.0014625450130552053,
  "epoch": 28,
  "global_step": 986
}