{
  "loss": 0.0019767475314438343,
  "val_loss": 0.0018656656611710787,
  "epoch": 48,
  "global_step": 1715
}