{
  "loss": 0.0016241505509242415,
  "val_loss": 0.0018908990314230323,
  "epoch": 48,
  "global_step": 1715
}