{
  "loss": 0.0011749481782317162,
  "val_loss": 0.001503041828982532,
  "epoch": 49,
  "global_step": 1700
}