{
  "loss": 0.0009065819322131574,
  "val_loss": 0.000981928315013647,
  "epoch": 46,
  "global_step": 4747
}