{
  "loss": 0.0020083433482795954,
  "val_loss": 0.0018563411431387067,
  "epoch": 47,
  "global_step": 1680
}