{
  "loss": 0.0020340580958873034,
  "val_loss": 0.0017082137055695057,
  "epoch": 46,
  "global_step": 1598
}