{
  "loss": 0.0015480625443160534,
  "val_loss": 0.00113704486284405,
  "epoch": 47,
  "global_step": 2400
}