{
  "loss": 0.0005686749354936182,
  "val_loss": 0.0010767178609967232,
  "epoch": 13,
  "global_step": 1400
}