{
  "loss": 0.002346247201785445,
  "val_loss": 0.002558143110945821,
  "epoch": 45,
  "global_step": 1610
}