{
  "loss": 0.001402065739966929,
  "val_loss": 0.0018101221648976207,
  "epoch": 44,
  "global_step": 945
}