{
  "loss": 0.0016654832288622856,
  "val_loss": 0.0013713433872908354,
  "epoch": 42,
  "global_step": 2193
}