{
  "loss": 0.0023488374426960945,
  "val_loss": 0.0018266611732542515,
  "epoch": 46,
  "global_step": 1598
}