{
  "loss": 0.001827665721066296,
  "val_loss": 0.0011981813004240394,
  "epoch": 48,
  "global_step": 5047
}