{
  "loss": 0.0012522464385256171,
  "val_loss": 0.0015712154563516378,
  "epoch": 46,
  "global_step": 2397
}