{
  "loss": 0.0019531064899638295,
  "val_loss": 0.001938253059051931,
  "epoch": 49,
  "global_step": 1750
}