{
  "loss": 0.001021009054966271,
  "val_loss": 0.0017773229628801346,
  "epoch": 48,
  "global_step": 1715
}