{
  "loss": 0.000795135332737118,
  "val_loss": 0.001480021863244474,
  "epoch": 48,
  "global_step": 1666
}