{
  "loss": 0.002269849181175232,
  "val_loss": 0.0015907081542536616,
  "epoch": 43,
  "global_step": 1540
}