{
  "loss": 0.0015676635084673762,
  "val_loss": 0.0018390732584521174,
  "epoch": 47,
  "global_step": 4992
}