{
  "loss": 0.005666861776262522,
  "val_loss": 0.00310572050511837,
  "epoch": 46,
  "global_step": 1598
}