{
  "loss": 0.0015347555745393038,
  "val_loss": 0.0012514067348092794,
  "epoch": 41,
  "global_step": 4326
}