{
  "loss": 0.0012083572801202536,
  "val_loss": 0.0016976144397631288,
  "epoch": 45,
  "global_step": 966
}