{
  "loss": 0.0012178565375506878,
  "val_loss": 0.0018564194906502962,
  "epoch": 48,
  "global_step": 1029
}