{
  "loss": 0.0012666533002629876,
  "val_loss": 0.0015772810438647866,
  "epoch": 45,
  "global_step": 1564
}