{
  "loss": 0.0012680578511208296,
  "val_loss": 0.001207337249070406,
  "epoch": 46,
  "global_step": 1598
}