{
  "loss": 0.00206702365539968,
  "val_loss": 0.0017357640899717808,
  "epoch": 47,
  "global_step": 1680
}