{
  "loss": 0.0031658064108341932,
  "val_loss": 0.0032408975530415773,
  "epoch": 47,
  "global_step": 1680
}