{
  "loss": 0.0007186322472989559,
  "val_loss": 0.0012109988601878285,
  "epoch": 9,
  "global_step": 1000
}