{
  "loss": 0.0024223036598414183,
  "val_loss": 0.0027959204744547606,
  "epoch": 46,
  "global_step": 1598
}