{
  "loss": 0.002409852109849453,
  "val_loss": 0.0028776603285223246,
  "epoch": 49,
  "global_step": 1750
}