{
  "loss": 0.0017088076565414667,
  "val_loss": 0.0015619199257344007,
  "epoch": 43,
  "global_step": 1496
}