{
  "loss": 0.0022983693052083254,
  "val_loss": 0.0026897876523435116,
  "epoch": 46,
  "global_step": 1645
}