{
  "loss": 0.0018641670467332006,
  "val_loss": 0.0024279472418129444,
  "epoch": 47,
  "global_step": 1680
}