{
  "loss": 0.00286029907874763,
  "val_loss": 0.0026119693648070097,
  "epoch": 42,
  "global_step": 1462
}