{
  "loss": 0.0011754569131880999,
  "val_loss": 0.0010931657161563635,
  "epoch": 49,
  "global_step": 5000
}