{
  "loss": 0.0018609461840242147,
  "val_loss": 0.001437086728401482,
  "epoch": 35,
  "global_step": 1260
}