{
  "loss": 0.0016259661642834544,
  "val_loss": 0.0013272938085719943,
  "epoch": 48,
  "global_step": 1666
}