{
  "loss": 0.0016688244650140405,
  "val_loss": 0.002659749938175082,
  "epoch": 45,
  "global_step": 1610
}