{
  "loss": 0.0016128524439409375,
  "val_loss": 0.0015218943590298295,
  "epoch": 43,
  "global_step": 1496
}