{
  "loss": 0.0007312649395316839,
  "val_loss": 0.0012245811522006989,
  "epoch": 24,
  "global_step": 850
}