{
  "loss": 0.001835185568779707,
  "val_loss": 0.0017967866733670235,
  "epoch": 49,
  "global_step": 1750
}