{
  "loss": 0.0010468338150531054,
  "val_loss": 0.0013986047124490142,
  "epoch": 45,
  "global_step": 1564
}