{
  "loss": 0.001545317587442696,
  "val_loss": 0.0012487012427300215,
  "epoch": 48,
  "global_step": 1029
}