{
  "loss": 0.16459329426288605,
  "val_loss": 0.9339308738708496,
  "epoch": 0,
  "global_step": 102
}