{
  "loss": 0.0010226418962702155,
  "val_loss": 0.0012657874030992389,
  "epoch": 49,
  "global_step": 1700
}