{
  "loss": 0.002570423064753413,
  "val_loss": 0.0016371355159208179,
  "epoch": 45,
  "global_step": 1610
}