{
  "loss": 0.0017176219262182713,
  "val_loss": 0.001228018430992961,
  "epoch": 48,
  "global_step": 1666
}