{
  "loss": 0.050072185695171356,
  "val_loss": 0.18826453387737274,
  "epoch": 13,
  "global_step": 490
}