{
  "loss": 0.002814257750287652,
  "val_loss": 0.00271216151304543,
  "epoch": 43,
  "global_step": 1540
}