{
  "loss": 0.0015298639191314578,
  "val_loss": 0.002072319621220231,
  "epoch": 41,
  "global_step": 1428
}