{
  "loss": 0.0012517748400568962,
  "val_loss": 0.0014591547660529613,
  "epoch": 37,
  "global_step": 1292
}