{
  "loss": 0.0012310805032029748,
  "val_loss": 0.0015213658334687352,
  "epoch": 46,
  "global_step": 1598
}