{
  "loss": 0.002656676573678851,
  "val_loss": 0.0016873350832611322,
  "epoch": 44,
  "global_step": 945
}