{
  "loss": 0.001684567192569375,
  "val_loss": 0.0011830570874735713,
  "epoch": 43,
  "global_step": 1496
}