{
  "loss": 0.007592047099024057,
  "val_loss": 0.005268217530101538,
  "epoch": 45,
  "global_step": 1610
}