{
  "loss": 0.0015899533173069358,
  "val_loss": 0.0014606042532250285,
  "epoch": 49,
  "global_step": 5250
}