{
  "loss": 0.001431139069609344,
  "val_loss": 0.0013637245865538716,
  "epoch": 49,
  "global_step": 1700
}