{
  "loss": 0.0016091575380414724,
  "val_loss": 0.0018307612044736743,
  "epoch": 48,
  "global_step": 1715
}