{
  "loss": 0.002693098271265626,
  "val_loss": 0.002771161962300539,
  "epoch": 45,
  "global_step": 1610
}