{
  "loss": 0.00132411636877805,
  "val_loss": 0.0016867017839103937,
  "epoch": 44,
  "global_step": 1530
}