{
  "loss": 0.001046399469487369,
  "val_loss": 0.0012141307815909386,
  "epoch": 45,
  "global_step": 2346
}