{
  "loss": 0.0032359492033720016,
  "val_loss": 0.002735545625910163,
  "epoch": 49,
  "global_step": 1750
}