{
  "loss": 0.00170600856654346,
  "val_loss": 0.0016713944496586919,
  "epoch": 44,
  "global_step": 1530
}