{
  "loss": 0.0018805053550750017,
  "val_loss": 0.0016557276248931885,
  "epoch": 36,
  "global_step": 1258
}