{
  "loss": 0.0013095373287796974,
  "val_loss": 0.0013319466961547732,
  "epoch": 48,
  "global_step": 1666
}