{
  "loss": 0.01029472891241312,
  "val_loss": 0.0044795796275138855,
  "epoch": 45,
  "global_step": 1610
}