{
  "loss": 0.0010664764558896422,
  "val_loss": 0.0013167747529223561,
  "epoch": 44,
  "global_step": 1530
}