{
  "loss": 0.0016469385009258986,
  "val_loss": 0.002554726554080844,
  "epoch": 40,
  "global_step": 861
}