{
  "loss": 0.0015209252014756203,
  "val_loss": 0.0018723292741924524,
  "epoch": 39,
  "global_step": 1360
}