{
  "loss": 0.02748367190361023,
  "val_loss": 0.06574712693691254,
  "epoch": 45,
  "global_step": 1610
}