{
  "loss": 0.0021868508774787188,
  "val_loss": 0.002018504310399294,
  "epoch": 48,
  "global_step": 1715
}