{
  "loss": 0.0016274849185720086,
  "val_loss": 0.0018813548376783729,
  "epoch": 49,
  "global_step": 1750
}