{
  "loss": 0.0034550714772194624,
  "val_loss": 0.002872802084311843,
  "epoch": 43,
  "global_step": 1496
}