{
  "loss": 0.0014736131997779012,
  "val_loss": 0.0022107551340013742,
  "epoch": 39,
  "global_step": 1400
}