{
  "loss": 0.0015307065332308412,
  "val_loss": 0.002416901057586074,
  "epoch": 46,
  "global_step": 987
}