{
  "loss": 0.0009807698661461473,
  "val_loss": 0.001353242783807218,
  "epoch": 43,
  "global_step": 1496
}