{
  "loss": 0.004116481635719538,
  "val_loss": 0.0015137929003685713,
  "epoch": 36,
  "global_step": 740
}