{
  "loss": 0.004299400374293327,
  "val_loss": 0.004210296552628279,
  "epoch": 49,
  "global_step": 1700
}