{
  "loss": 0.0035176866222172976,
  "val_loss": 0.003636573441326618,
  "epoch": 34,
  "global_step": 1225
}