{
  "loss": 0.0013058037729933858,
  "val_loss": 0.0011299301404505968,
  "epoch": 44,
  "global_step": 4545
}