{
  "loss": 0.17733465135097504,
  "val_loss": 0.9674165844917297,
  "epoch": 49,
  "global_step": 1700
}