{
  "loss": 0.0004614658828359097,
  "val_loss": 0.0012695532059296966,
  "epoch": 93,
  "global_step": 9588
}