{
  "loss": 0.001179749728180468,
  "val_loss": 0.0013470238773152232,
  "epoch": 45,
  "global_step": 1564
}