{
  "loss": 0.006681457161903381,
  "val_loss": 0.00675975950434804,
  "epoch": 47,
  "global_step": 1680
}