{
  "loss": 0.0006682397215627134,
  "val_loss": 0.0013074578018859029,
  "epoch": 46,
  "global_step": 1645
}