{
  "loss": 0.004705595318228006,
  "val_loss": 0.0011455360800027847,
  "epoch": 41,
  "global_step": 1470
}