{
  "loss": 0.16721820831298828,
  "val_loss": 0.9573698043823242,
  "epoch": 0,
  "global_step": 34
}