{
  "loss": 0.0014473210321739316,
  "val_loss": 0.0011230361415073276,
  "epoch": 48,
  "global_step": 2450
}