{
  "loss": 0.0012559553142637014,
  "val_loss": 0.0015094898408278823,
  "epoch": 42,
  "global_step": 2150
}