{
  "loss": 0.0037097095046192408,
  "val_loss": 0.003103702561929822,
  "epoch": 42,
  "global_step": 1462
}