{
  "loss": 0.0022291650529950857,
  "val_loss": 0.0014520714757964015,
  "epoch": 40,
  "global_step": 1394
}