{
  "loss": 0.014687753282487392,
  "val_loss": 0.014524666592478752,
  "epoch": 49,
  "global_step": 1700
}