{
  "loss": 0.0011589413043111563,
  "val_loss": 0.0015928015345707536,
  "epoch": 46,
  "global_step": 1598
}