{
  "loss": 0.002481409115716815,
  "val_loss": 0.002460382180288434,
  "epoch": 43,
  "global_step": 1496
}