{
  "loss": 0.0007614518981426954,
  "val_loss": 0.0032051235903054476,
  "epoch": 49,
  "global_step": 1750
}