{
  "loss": 0.004575597587972879,
  "val_loss": 0.0039750440046191216,
  "epoch": 45,
  "global_step": 1564
}