{
  "loss": 0.005064287222921848,
  "val_loss": 0.004311720374971628,
  "epoch": 47,
  "global_step": 1632
}