{
  "loss": 0.005205425433814526,
  "val_loss": 0.0039563532918691635,
  "epoch": 37,
  "global_step": 1292
}