{
  "loss": 0.0009056273265741765,
  "val_loss": 0.0011488969903439283,
  "epoch": 38,
  "global_step": 3978
}