{
  "loss": 0.05997913330793381,
  "val_loss": 0.27426424622535706,
  "epoch": 10,
  "global_step": 374
}