{
  "loss": 0.0019265739247202873,
  "val_loss": 0.0026246756315231323,
  "epoch": 35,
  "global_step": 720
}