{
  "loss": 0.0014374847523868084,
  "val_loss": 0.0012857456458732486,
  "epoch": 48,
  "global_step": 980
}