{
  "loss": 0.0012345024151727557,
  "val_loss": 0.0017599195707589388,
  "epoch": 49,
  "global_step": 1750
}