{
  "loss": 0.0012407186441123486,
  "val_loss": 0.0015819568652659655,
  "epoch": 46,
  "global_step": 1598
}