{
  "loss": 0.0012484393082559109,
  "val_loss": 0.0019854437559843063,
  "epoch": 40,
  "global_step": 861
}