{
  "loss": 0.013441009446978569,
  "val_loss": 0.013381662778556347,
  "epoch": 49,
  "global_step": 1700
}