{
  "loss": 0.0040580397471785545,
  "val_loss": 0.004185504745692015,
  "epoch": 47,
  "global_step": 1632
}