{
  "loss": 0.0019179732771590352,
  "val_loss": 0.0017900571692734957,
  "epoch": 47,
  "global_step": 1008
}