{
  "loss": 0.0027981139719486237,
  "val_loss": 0.0020029342267662287,
  "epoch": 44,
  "global_step": 945
}