{
  "loss": 0.0029570951592177153,
  "val_loss": 0.0029193880036473274,
  "epoch": 18,
  "global_step": 646
}