{
  "loss": 0.002168412087485194,
  "val_loss": 0.0017651461530476809,
  "epoch": 33,
  "global_step": 1190
}