{
  "loss": 0.0014837099006399512,
  "val_loss": 0.0016622180119156837,
  "epoch": 49,
  "global_step": 1750
}