{
  "loss": 0.0019459420582279563,
  "val_loss": 0.0037525843363255262,
  "epoch": 45,
  "global_step": 1610
}