{
  "loss": 0.002052448922768235,
  "val_loss": 0.002138208830729127,
  "epoch": 43,
  "global_step": 1540
}