{
  "loss": 0.0015676479088142514,
  "val_loss": 0.0012220931239426136,
  "epoch": 44,
  "global_step": 2250
}