{
  "loss": 0.0010458793258294463,
  "val_loss": 0.0019285555463284254,
  "epoch": 46,
  "global_step": 987
}