{
  "loss": 0.0017347462708130479,
  "val_loss": 0.0020126088056713343,
  "epoch": 46,
  "global_step": 1645
}