{
  "loss": 0.0017518438398838043,
  "val_loss": 0.0024730234872549772,
  "epoch": 49,
  "global_step": 1750
}