{
  "loss": 0.003886597463861108,
  "val_loss": 0.003679079469293356,
  "epoch": 34,
  "global_step": 1225
}