{
  "loss": 0.0020975740626454353,
  "val_loss": 0.0017997156828641891,
  "epoch": 48,
  "global_step": 1715
}