{
  "loss": 0.0032917822245508432,
  "val_loss": 0.0022075532469898462,
  "epoch": 44,
  "global_step": 1575
}