{
  "loss": 0.0032175411470234394,
  "val_loss": 0.002492537023499608,
  "epoch": 48,
  "global_step": 1666
}