{
  "loss": 0.0012590510305017233,
  "val_loss": 0.0017932172631844878,
  "epoch": 48,
  "global_step": 1666
}