{
  "loss": 0.0012658847263082862,
  "val_loss": 0.0014080072287470102,
  "epoch": 44,
  "global_step": 1530
}