{
  "loss": 0.0029986875597387552,
  "val_loss": 0.003345753066241741,
  "epoch": 43,
  "global_step": 1540
}