{
  "loss": 0.002450598869472742,
  "val_loss": 0.0019907099194824696,
  "epoch": 31,
  "global_step": 1088
}