{
  "loss": 0.0013654312351718545,
  "val_loss": 0.000984738813713193,
  "epoch": 39,
  "global_step": 4040
}