{
  "loss": 0.0021060991566628218,
  "val_loss": 0.002584301633760333,
  "epoch": 43,
  "global_step": 1496
}