{
  "loss": 0.005771540105342865,
  "val_loss": 0.004473453387618065,
  "epoch": 43,
  "global_step": 1540
}